{
  "analysis": "per_graph_uncertainty_variation",
  "description": "Per-graph UQ statistics across 100 test graphs",
  "n_graphs": 100,
  "nodes_per_graph": 31635,
  "mc_samples": 30,
  "spearman_rho": {
    "mean": 0.46430500737896774,
    "std": 0.023415801276935756,
    "min": 0.41040674542547956,
    "max": 0.5078702075885192,
    "median": 0.4654756101939128,
    "percentiles_5_25_50_75_95": [
      0.4279045866423779,
      0.4465273210729742,
      0.4654756101939128,
      0.4852827003543441,
      0.4969832252655642
    ],
    "all_values": [
      0.465059470050635,
      0.48045164225649173,
      0.4783567815065137,
      0.41040674542547956,
      0.4970408134126441,
      0.4639073131092015,
      0.47060213435301734,
      0.45750806045669784,
      0.4801033774154047,
      0.4567449192382274,
      0.48412231847204806,
      0.49612002752952994,
      0.4606720013072744,
      0.4483828145650816,
      0.4467163511456653,
      0.43872299614067656,
      0.4903896090852066,
      0.43845165738113834,
      0.4971229050740028,
      0.46669537881301354,
      0.44746969981479456,
      0.4429308591930381,
      0.4295404524111544,
      0.4463273681305875,
      0.4727083947168392,
      0.4342850104816331,
      0.4855201936487806,
      0.44919351833183785,
      0.4570170102556135,
      0.4851667496326504,
      0.46761972386176875,
      0.44617972187798827,
      0.4202624399121313,
      0.4365339949505541,
      0.42805837601772095,
      0.49698019431045476,
      0.46754174359012407,
      0.4390397769178368,
      0.47190713079237673,
      0.46589175033719066,
      0.44765910836479944,
      0.43660694232632125,
      0.4343913279239452,
      0.48898639472153577,
      0.45741038514726184,
      0.43306260135139485,
      0.5036451689768509,
      0.4125899098777836,
      0.5078702075885192,
      0.4149255974968626,
      0.4948429479089911,
      0.4626253974304919,
      0.4910756258523458,
      0.48522870687445546,
      0.4811056177751436,
      0.44694219855778744,
      0.4309054041637311,
      0.46651751287379634,
      0.4910936320334405,
      0.48544468079401004,
      0.4400531723599606,
      0.44474281598377335,
      0.461728811290083,
      0.44850963646187014,
      0.48438717839191,
      0.46604038064281217,
      0.4803087612419357,
      0.49361431200675726,
      0.4575291110036932,
      0.47550529306371486,
      0.47707496553593964,
      0.4352067530937654,
      0.474535035988925,
      0.4249825885108594,
      0.45778710631625297,
      0.4362764417490344,
      0.47390366151336016,
      0.44659397205376977,
      0.48959719643092275,
      0.49280383313576615,
      0.4891829773424592,
      0.4859572389001421,
      0.45908307220571143,
      0.4854916261781736,
      0.4793313779350377,
      0.46176175653018825,
      0.47647957108139816,
      0.4953760562535843,
      0.43055592403653464,
      0.48561230699327035,
      0.500881883688735,
      0.49027531754219605,
      0.4825026063380297,
      0.45602193925464773,
      0.45767258161763325,
      0.45086760736177733,
      0.46380427444279504,
      0.4963804093949397,
      0.48638517168304807,
      0.4450152183788749
    ]
  },
  "mae_veh_h": {
    "mean": 3.947556972503662,
    "std": 0.8102335333824158,
    "min": 2.4205403327941895,
    "max": 6.0720367431640625,
    "median": 3.724727153778076,
    "percentiles_5_25_50_75_95": [
      2.951987159252167,
      3.3414403200149536,
      3.7247272729873657,
      4.529410123825073,
      5.537860703468322
    ],
    "all_values": [
      4.243953704833984,
      4.118493556976318,
      3.753849506378174,
      2.5161988735198975,
      5.2141194343566895,
      3.657636880874634,
      4.333531856536865,
      3.7455732822418213,
      4.285087585449219,
      3.7106714248657227,
      4.443247318267822,
      5.103283405303955,
      3.489133596420288,
      3.568732261657715,
      3.3561112880706787,
      3.0847795009613037,
      4.484750747680664,
      3.0028493404388428,
      5.757215976715088,
      3.785236358642578,
      3.341331958770752,
      2.8046114444732666,
      3.3606464862823486,
      3.5860610008239746,
      4.270063400268555,
      3.024031162261963,
      4.8734588623046875,
      3.0314910411834717,
      3.659222364425659,
      4.585392951965332,
      3.438673973083496,
      3.277966022491455,
      3.001518964767456,
      3.2106635570526123,
      3.061311721801758,
      4.776568412780762,
      3.7181003093719482,
      3.020369291305542,
      4.171980381011963,
      3.6876986026763916,
      3.194171190261841,
      3.180046319961548,
      3.1262006759643555,
      4.078549385070801,
      4.121641635894775,
      2.954660654067993,
      5.526315689086914,
      2.889206886291504,
      6.0720367431640625,
      2.4205403327941895,
      4.696795463562012,
      3.6575698852539062,
      4.709187984466553,
      4.5662922859191895,
      3.5710856914520264,
      3.0389645099639893,
      2.901190757751465,
      4.167204856872559,
      4.761616230010986,
      4.335143089294434,
      3.3414764404296875,
      3.398764133453369,
      3.731354236602783,
      3.4639546871185303,
      4.517116069793701,
      4.156897068023682,
      4.503031253814697,
      5.802637577056885,
      3.6378962993621826,
      3.9802918434143066,
      4.643393516540527,
      3.27419114112854,
      4.0662455558776855,
      3.124873638153076,
      3.6419272422790527,
      3.1692724227905273,
      4.688705921173096,
      3.4545986652374268,
      4.791092872619629,
      5.504833221435547,
      5.9376220703125,
      4.900625228881836,
      3.4395649433135986,
      4.599713325500488,
      3.8918464183807373,
      3.628927230834961,
      4.293764114379883,
      4.778238773345947,
      2.996215581893921,
      4.160123825073242,
      5.767146587371826,
      4.595932483673096,
      5.032868385314941,
      3.5824224948883057,
      3.595233201980591,
      3.3800809383392334,
      3.643615245819092,
      4.831430912017822,
      4.23494291305542,
      3.048792839050293
    ]
  },
  "mean_sigma_veh_h": {
    "mean": 1.3687031269073486,
    "std": 0.28581178188323975,