{
  "analysis": "temperature_scaling",
  "description": "Post-hoc temperature scaling of MC Dropout sigma for calibration",
  "method": "Minimize Kuleshov ECE via scalar T: sigma_scaled = sigma * T",
  "split": "20/80 graph-level (first 20 cal, last 80 eval)",
  "calibration_nodes": 632700,
  "evaluation_nodes": 2530800,
  "optimal_temperature_T": 2.702542651683449,
  "calibration_set": {
    "ece_before": 0.26981808123913387,
    "ece_after": 0.04773873873873873,
    "coverage_before": [
      0.0473336494389126,
      0.09435751541014699,
      0.14038722933459777,
      0.1865892207997471,
      0.23342184289552712,
      0.2824672040461514,
      0.33667140825035563,
      0.3998941046309467,
      0.4840224434961277,
      0.5466745693061482
    ],
    "coverage_after": [
      0.124785838470049,
      0.23647226173541963,
      0.3379642800695432,
      0.4326078710289237,
      0.520791844476055,
      0.5999494231073178,
      0.6692350244981824,
      0.7308155523944998,
      0.793530899320373,
      0.8317038090722301
    ]
  },
  "evaluation_set": {
    "ece_before": 0.2687388177651336,
    "ece_after": 0.0478640350877193,
    "ece_improvement_pct": 82.18938540931201,
    "coverage_before": [
      0.0478730045835309,
      0.09496601865022918,
      0.14135056108740318,
      0.1873261419314051,
      0.23411767030188083,
      0.28344752647384225,
      0.33752370791844477,
      0.40115062430851905,
      0.4859522680575312,
      0.548904299035878
    ],
    "coverage_after": [
      0.1255721510984669,
      0.2372210368263,
      0.33881539434171015,
      0.43416152995100366,
      0.5227027027027027,
      0.6015714398609135,
      0.6704634898055951,
      0.7328220325588747,
      0.7952007270428323,
      0.8329176544966018
    ]
  },
  "nominal_levels": [
    0.1,
    0.2,
    0.3,
    0.4,
    0.5,
    0.6,
    0.7,
    0.8,
    0.9,
    0.95
  ],
  "z_scores": [
    0.12566134685507416,
    0.2533471031357997,
    0.38532046640756773,
    0.5244005127080407,
    0.6744897501960817,
    0.8416212335729143,
    1.0364333894937898,
    1.2815515655446004,
    1.6448536269514722,
    1.959963984540054
  ],
  "effective_k95_after_scaling": 5.296886263982937,
  "conformal_k95_for_comparison": 11.34,
  "references": [
    "Guo et al. (2017), On Calibration of Modern Neural Networks, ICML",
    "Kuleshov et al. (2018), Accurate Uncertainties for Deep Learning, ICML",
    "Laves et al. (2020), Well-Calibrated Temperature Scaling for Dropout VI, NeurIPS BDL Workshop"
  ]
}