{
  "metric": "PIT after Temperature Scaling",
  "model": "T8 MC Dropout S=30",
  "temperature": 2.7025,
  "data_source": "C:\\Users\\zamin\\OneDrive\\Desktop\\Nazim_thesis\\ml_surrogates_for_agent_based_transport_models\\data\\TR-C_Benchmarks\\point_net_transf_gat_8th_trial_lower_dropout\\uq_results\\mc_dropout_full_100graphs_mc30.npz",
  "n_nodes": 3163500,
  "n_bins": 20,
  "before_tempscaling": {
    "pit_mean": 0.4331,
    "pit_std": 0.3991,
    "pit_median": 0.3211,
    "histogram_density": [
      0.283899,
      0.059312,
      0.044161,
      0.03704,
      0.032779,
      0.030464,
      0.028762,
      0.02758,
      0.026339,
      0.024878,
      0.022887,
      0.020741,
      0.018734,
      0.017258,
      0.016336,
      0.016494,
      0.017061,
      0.019385,
      0.025355,
      0.230534
    ],
    "bin_edges": [
      0.0,
      0.05,
      0.1,
      0.15,
      0.2,
      0.25,
      0.3,
      0.35,
      0.4,
      0.45,
      0.5,
      0.55,
      0.6,
      0.65,
      0.7,
      0.75,
      0.8,
      0.85,
      0.9,
      0.95,
      1.0
    ],
    "max_bin_deviation": 0.2339,
    "chi2_stat": 6259902.16,
    "chi2_pval": 0.0,
    "ks_stat": 0.244533,
    "ks_pval": 0.0,
    "first_bin_density": 0.2839,
    "last_bin_density": 0.2305
  },
  "after_tempscaling": {
    "pit_mean": 0.4712,
    "pit_std": 0.3023,
    "pit_median": 0.4317,
    "histogram_density": [
      0.087897,
      0.033898,
      0.037285,
      0.044957,
      0.054193,
      0.061943,
      0.066314,
      0.068663,
      0.070825,
      0.06924,
      0.056172,
      0.040831,
      0.03291,
      0.028891,
      0.026524,
      0.024738,
      0.024011,
      0.024918,
      0.028552,
      0.11724
    ],
    "bin_edges": [
      0.0,
      0.05,
      0.1,
      0.15,
      0.2,
      0.25,
      0.3,
      0.35,
      0.4,
      0.45,
      0.5,
      0.55,
      0.6,
      0.65,
      0.7,
      0.75,
      0.8,
      0.85,
      0.9,
      0.95,
      1.0
    ],
    "max_bin_deviation": 0.0672,
    "chi2_stat": 746327.88,
    "chi2_pval": 0.0,
    "ks_stat": 0.104209,
    "ks_pval": 0.0,
    "first_bin_density": 0.0879,
    "last_bin_density": 0.1172
  },
  "comparison": {
    "ks_stat_reduction_pct": 57.4,
    "pit_mean_improvement_toward_05": 0.0381,
    "max_bin_deviation_before": 0.2339,
    "max_bin_deviation_after": 0.0672
  }
}