{
  "analysis": "temperature_scaling",
  "description": "Post-hoc temperature scaling of MC Dropout sigma for calibration",
  "method": "Minimize Kuleshov ECE via scalar T: sigma_scaled = sigma * T",
  "split": "20/80 graph-level (first 20 cal, last 80 eval)",
  "calibration_nodes": 632700,
  "evaluation_nodes": 2530800,
  "optimal_temperature_T": 2.7024848450799777,
  "calibration_set": {
    "ece_before": 0.26981808123913387,
    "ece_after": 0.04773858068594909,
    "coverage_before": [
      0.0473336494389126,
      0.09435751541014699,
      0.14038722933459777,
      0.1865892207997471,
      0.23342184289552712,
      0.2824672040461514,
      0.33667140825035563,
      0.3998941046309467,
      0.4840224434961277,
      0.5466745693061482
    ],
    "coverage_after": [
      0.12477951635846372,
      0.23647068120752332,
      0.3379611190137506,
      0.4325968073336494,
      0.5207839418365734,
      0.59993993993994,
      0.6692287023865972,
      0.7308123913387071,
      0.793526157736684,
      0.8316990674885412
    ]
  },
  "evaluation_set": {
    "ece_before": 0.2687388177651336,
    "ece_after": 0.04786340287656077,
    "ece_improvement_pct": 82.18962066046173,
    "coverage_before": [
      0.0478730045835309,
      0.09496601865022918,
      0.14135056108740318,
      0.1873261419314051,
      0.23411767030188083,
      0.28344752647384225,
      0.33752370791844477,
      0.40115062430851905,
      0.4859522680575312,
      0.548904299035878
    ],
    "coverage_after": [
      0.1255697803066224,
      0.23721510984668878,
      0.33880946736209894,
      0.43415481270744427,
      0.5226920341394026,
      0.6015663031452505,
      0.670453611506243,
      0.7328133396554449,
      0.7951955903271692,
      0.8329109372530425
    ]
  },
  "nominal_levels": [
    0.1,
    0.2,
    0.3,
    0.4,
    0.5,
    0.6,
    0.7,
    0.8,
    0.9,
    0.95
  ],
  "z_scores": [
    0.12566134685507416,
    0.2533471031357997,
    0.38532046640756773,
    0.5244005127080407,
    0.6744897501960817,
    0.8416212335729143,
    1.0364333894937898,
    1.2815515655446004,
    1.6448536269514722,
    1.959963984540054
  ],
  "effective_k95_after_scaling": 5.296772965122064,
  "conformal_k95_for_comparison": 11.34,
  "references": [
    "Guo et al. (2017), On Calibration of Modern Neural Networks, ICML",
    "Kuleshov et al. (2018), Accurate Uncertainties for Deep Learning, ICML",
    "Laves et al. (2020), Well-Calibrated Temperature Scaling for Dropout VI, NeurIPS BDL Workshop"
  ]
}